{
  "访问首页" : {
    "transaction" : "访问首页",
    "sampleCount" : 600000,
    "errorCount" : 1434,
    "errorPct" : 0.239,
    "meanResTime" : 307.950906666663,
    "medianResTime" : 69.0,
    "minResTime" : 9.0,
    "maxResTime" : 21107.0,
    "pct1ResTime" : 341.0,
    "pct2ResTime" : 586.9500000000007,
    "pct3ResTime" : 899.0,
    "throughput" : 420.0333506480415,
    "receivedKBytesPerSec" : 318.15207992749,
    "sentKBytesPerSec" : 99.02844918699044
  },
  "Total" : {
    "transaction" : "Total",
    "sampleCount" : 1800000,
    "errorCount" : 2550,
    "errorPct" : 0.14166667,
    "meanResTime" : 1350.3175255555336,
    "medianResTime" : 77.0,
    "minResTime" : 9.0,
    "maxResTime" : 27910.0,
    "pct1ResTime" : 853.9000000000015,
    "pct2ResTime" : 1071.0,
    "pct3ResTime" : 2067.950000000008,
    "throughput" : 1260.067413606628,
    "receivedKBytesPerSec" : 1559.3715907355731,
    "sentKBytesPerSec" : 294.9157838538112
  },
  "FundView_Request" : {
    "transaction" : "FundView_Request",
    "sampleCount" : 600000,
    "errorCount" : 927,
    "errorPct" : 0.1545,
    "meanResTime" : 3448.139788333385,
    "medianResTime" : 1125.0,
    "minResTime" : 11.0,
    "maxResTime" : 27910.0,
    "pct1ResTime" : 2051.0,
    "pct2ResTime" : 2895.0,
    "pct3ResTime" : 4122.990000000002,
    "throughput" : 420.05187640673626,
    "receivedKBytesPerSec" : 999.8427622217594,
    "sentKBytesPerSec" : 92.15395669724586
  },
  "搜索完整" : {
    "transaction" : "搜索完整",
    "sampleCount" : 600000,
    "errorCount" : 189,
    "errorPct" : 0.0315,
    "meanResTime" : 294.8618816666667,
    "medianResTime" : 92.0,
    "minResTime" : 13.0,
    "maxResTime" : 21081.0,
    "pct1ResTime" : 459.0,
    "pct2ResTime" : 658.9500000000007,
    "pct3ResTime" : 897.0,
    "throughput" : 420.0512882622968,
    "receivedKBytesPerSec" : 241.47154773847888,
    "sentKBytesPerSec" : 103.7495116630303
  }
}