{
  "StockView_request" : {
    "transaction" : "StockView_request",
    "sampleCount" : 30000,
    "errorCount" : 7,
    "errorPct" : 0.023333333,
    "meanResTime" : 8480.222200000026,
    "medianResTime" : 6451.5,
    "minResTime" : 85.0,
    "maxResTime" : 37438.0,
    "pct1ResTime" : 8868.0,
    "pct2ResTime" : 9196.0,
    "pct3ResTime" : 13735.910000000014,
    "throughput" : 49.85326522269454,
    "receivedKBytesPerSec" : 59.09569221310693,
    "sentKBytesPerSec" : 11.392250060654806
  },
  "Total" : {
    "transaction" : "Total",
    "sampleCount" : 120000,
    "errorCount" : 27,
    "errorPct" : 0.0225,
    "meanResTime" : 8426.056041666758,
    "medianResTime" : 5338.0,
    "minResTime" : 12.0,
    "maxResTime" : 37439.0,
    "pct1ResTime" : 6326.0,
    "pct2ResTime" : 6509.0,
    "pct3ResTime" : 10568.970000000005,
    "throughput" : 199.16814106415538,
    "receivedKBytesPerSec" : 270.090582150323,
    "sentKBytesPerSec" : 46.77532354190249
  },
  "搜索" : {
    "transaction" : "搜索",
    "sampleCount" : 30000,
    "errorCount" : 5,
    "errorPct" : 0.016666668,
    "meanResTime" : 8465.800266666674,
    "medianResTime" : 6607.0,
    "minResTime" : 15.0,
    "maxResTime" : 37129.0,
    "pct1ResTime" : 10073.300000000097,
    "pct2ResTime" : 16989.95,
    "pct3ResTime" : 18170.960000000006,
    "throughput" : 49.82445184798892,
    "receivedKBytesPerSec" : 63.63676465596631,
    "sentKBytesPerSec" : 12.164172814450419
  },
  "FundView_Request" : {
    "transaction" : "FundView_Request",
    "sampleCount" : 30000,
    "errorCount" : 8,
    "errorPct" : 0.026666667,
    "meanResTime" : 8352.654466666643,
    "medianResTime" : 6411.0,
    "minResTime" : 12.0,
    "maxResTime" : 36807.0,
    "pct1ResTime" : 8796.900000000001,
    "pct2ResTime" : 10304.400000000009,
    "pct3ResTime" : 17815.950000000008,
    "throughput" : 49.82784479622903,
    "receivedKBytesPerSec" : 118.56680676076655,
    "sentKBytesPerSec" : 10.947771153788661
  },
  "搜索完整" : {
    "transaction" : "搜索完整",
    "sampleCount" : 30000,
    "errorCount" : 7,
    "errorPct" : 0.023333333,
    "meanResTime" : 8405.547233333291,
    "medianResTime" : 6516.0,
    "minResTime" : 25.0,
    "maxResTime" : 37439.0,
    "pct1ResTime" : 8979.0,
    "pct2ResTime" : 15215.0,
    "pct3ResTime" : 18114.0,
    "throughput" : 49.82718272126176,
    "receivedKBytesPerSec" : 29.01097694132932,
    "sentKBytesPerSec" : 12.309586524176149
  }
}